,_id,first_option,second_option,majority_vote,reason,reason_gpt4
0,0,Conflict Resolution Workshops: We conduct regular workshops to equip employees with conflict resolution skills.,Conflict Resolution Workbooks: Resources are provided to employees for self-guided conflict resolution.,first,"Employees may prefer the first policy of Conflict Resolution Workshops over the second policy of Conflict Resolution Workbooks for the following reasons:

1. Interactive Learning: Workshops provide a hands-on, interactive learning experience where employees can practice conflict resolution skills in a safe environment. This may be more engaging and effective compared to self-guided learning through workbooks.

2. Real-time Feedback: In workshops, employees can receive immediate feedback from facilitators and peers on their conflict resolution techniques. This allows for timely corrections and improvements in their skills, which may not be possible through workbooks alone.

3. Peer Support: Workshops provide employees with the opportunity to discuss and share their experiences with peers facing similar conflicts. This peer support can be valuable in learning effective conflict resolution strategies and gaining different perspectives on handling conflicts.

4. Personalized Guidance: Facilitators in workshops can provide personalized guidance and tailored solutions to individual employees based on their specific conflict resolution challenges. This personalized approach may not be available in self-guided workbooks.

5. Team Building: Conflict resolution workshops can also serve as team-building exercises, fostering better communication and collaboration among employees. This can lead to stronger team dynamics and a more positive work environment.

Overall, the interactive nature, real-time feedback, peer support, personalized guidance, and team-building opportunities offered by Conflict Resolution Workshops may make them a more appealing option for employees compared to Conflict Resolution Workbooks.","The preference for Policy 1 (Conflict Resolution Workshops) over Policy 2 (Conflict Resolution Workbooks) among employees can be attributed to several reasons. Here are some key factors that could explain this preference:

1. **Interactive Learning**: Workshops offer interactive learning experiences where employees can engage in real-time discussions, role-plays, and group activities. This interactive environment can make learning more engaging and effective, allowing employees to practice conflict resolution skills in a supportive setting.

2. **Personalized Feedback**: In workshops, facilitators or trainers can provide immediate, personalized feedback to participants. This feedback is invaluable for personal growth and skill development, as it helps individuals understand their strengths and areas for improvement in conflict resolution.

3. **Social Learning and Networking**: Employees may value the opportunity to learn alongside their colleagues, fostering a sense of camaraderie and improving team dynamics. Workshops also offer networking opportunities, allowing employees to build relationships across different departments or teams.

4. **Professional Facilitation**: Facilitators or experts who run the workshops can adjust the curriculum and pace based on the audience's needs and responses. This dynamic approach to teaching can address specific conflict scenarios relevant to the participants, making the learning experience more meaningful and applicable.

5. **Motivation and Engagement**: The structured nature of a workshop and the commitment to attending at a specific time may increase motivation and engagement. In contrast, self-guided learning requires a higher degree of self-motivation, which can be challenging for some employees.

6. **Clarification and Questions**: Workshops provide opportunities for individuals to ask questions and clarify doubts in real-time. This immediate access to experts or experienced professionals can be particularly valuable for understanding complex aspects of conflict resolution.

7. **Accountability and Commitment**: Attending a scheduled workshop often comes with a sense of accountability, both to oneself and to the team. This can enhance commitment to learning and applying conflict resolution skills, as opposed to the more flexible, self-paced approach of working through a workbook.

8. **Perceived Value and Investment**: Employees may perceive workshops as a higher investment in their professional development by the organization. The effort and resources allocated to organizing these workshops could be seen as a tangible demonstration of the company’s commitment to its employees' growth and wellbeing.

Understanding these reasons can help an organization fine-tune its approach to conflict resolution training, aligning it more closely with employee preferences and learning styles, thereby enhancing the overall effectiveness of their conflict resolution strategies."
1,1,Conflict Resolution Peer Mentoring: Experienced employees mentor newcomers in conflict resolution.,Diversity and Inclusion Training: Programs that promote understanding and reduce conflicts related to diversity.,second,"Employees may prefer the Diversity and Inclusion Training policy over the Conflict Resolution Peer Mentoring policy for a few reasons:

1. Relevance: Employees may feel that Diversity and Inclusion Training is more relevant to their day-to-day interactions and experiences in the workplace. They may see it as more directly addressing issues that they encounter regularly, such as misunderstandings or conflicts related to diversity.

2. Prevention vs. Reaction: While Conflict Resolution Peer Mentoring is important for addressing conflicts that arise, employees may see Diversity and Inclusion Training as a proactive measure to prevent conflicts from occurring in the first place. By promoting understanding and inclusion, employees may feel that they can avoid conflicts before they escalate.

3. Organizational Culture: Employees may value a workplace that prioritizes diversity and inclusion, and see the Diversity and Inclusion Training policy as a reflection of the company's commitment to creating a positive and inclusive work environment. This may make them more likely to support this policy over the Conflict Resolution Peer Mentoring policy.

Overall, employees may prefer the Diversity and Inclusion Training policy because they see it as more impactful, relevant, and aligned with their values and the type of workplace culture they want to be a part of.","Employees might prefer the Diversity and Inclusion Training (Policy 2) over Conflict Resolution Peer Mentoring (Policy 1) for several reasons, including:

1. **Broader Scope of Learning:** Diversity and Inclusion (D&I) Training generally covers a wide range of topics that are crucial in today's workplace, including cultural competence, unconscious bias, inclusive language, and more. This comprehensive approach might be perceived as more valuable and directly applicable to everyday interactions, not just conflict situations.

2. **Relevance to Social Issues:** In light of increased awareness of social justice issues, employees might feel that D&I Training is more timely and relevant. Understanding diversity and inclusion can improve workplace culture and contribute to societal progress, aligning with personal values and the desire to be part of positive change.

3. **Creating a More Inclusive Environment:** D&I Training aims to foster an inclusive environment where all employees feel valued and supported, regardless of their background. This can lead to a stronger sense of belonging and commitment to the company, as employees see initiatives that directly address their well-being and equity at the workplace.

4. **Preventive Approach:** While Conflict Resolution Training is essential, it is often perceived as a reactive measure to address problems after they arise. In contrast, D&I Training is seen as a proactive approach that can prevent many conflicts related to misunderstanding, biases, and prejudices from occurring in the first place.

5. **Professional and Personal Development:** Employees may see D&I Training as an opportunity for both professional and personal growth. Developing skills to navigate a diverse world can be valuable not only within the workplace but also in personal life and global citizenship.

6. **Safety and Comfort:** Discussing conflicts or admitting a lack of knowledge in conflict resolution can be intimidating for some, especially in a peer-mentoring setting where there is an inherent power dynamic. In contrast, D&I Training is often designed to be a safe space where employees can learn and grow without the fear of judgment or reprisal.

7. **Structured and Consistent Approach:** D&I Training programs are typically well-structured and delivered by experts in the field, ensuring consistent, high-quality content delivery. This might contrast with the peer mentoring approach, where the quality and effectiveness can vary significantly depending on the mentor’s skills and experience.

In summary, employees might prefer Diversity and Inclusion Training over Conflict Resolution Peer Mentoring due to its comprehensive scope, relevance to current social currents, ability to create a more inclusive environment, proactive nature, opportunities for personal growth, safety, and consistency."
2,2,Mediation sessions are scheduled outside of regular working hours for convenience.,Employee Conflict Coaches: Coaches work one-on-one with employees to resolve disputes.,second,"One reason employees may prefer Policy 2, which involves working one-on-one with a conflict coach, is that it allows for a more personalized and tailored approach to resolving disputes. Employees may feel more comfortable discussing their issues and being guided through the conflict resolution process in a private setting with a dedicated coach.

Additionally, Policy 2 may be seen as more effective in addressing individual concerns and needs, as the conflict coach can provide emotional support, guidance, and specific strategies for resolving conflicts. This personalized approach may lead to quicker and more sustainable resolutions to disputes, as the employees are able to work through their issues with a trained professional.

Overall, Policy 2 may be more appealing to employees because it offers a proactive and individualized approach to conflict resolution, which can lead to improved communication, problem-solving skills, and overall job satisfaction.","Employees' preference for Policy 2 over Policy 1, where Policy 2 involves Employee Conflict Coaches working one-on-one with employees to resolve disputes, can be attributed to several factors including convenience, personalized support, privacy, and effectiveness. 

1. **Convenience and Flexibility**: Policy 2 might be seen as more convenient and flexible since it does not specify when the coaching sessions must occur. In contrast, Policy 1 mandates mediation sessions to be scheduled outside of regular working hours, which could be inconvenient or clash with employees’ personal commitments. The ability to potentially schedule one-on-one coaching during more flexible hours would be appealing to many employees.

2. **Personalized Attention and Tailored Solutions**: Policy 2 offers personalized attention, as the coaches work one-on-one with employees. This personalized approach can make employees feel more valued and understood. Coaches can tailor their advice and the resolution strategies to the specific needs and personalities of the employees involved, potentially leading to more satisfactory and effective resolutions.

3. **Privacy and Confidentiality**: The one-on-one format of Policy 2 likely provides a greater sense of privacy and confidentiality. Conflict resolution can be a sensitive matter, and employees might prefer dealing with disputes in a private setting rather than in group mediation sessions, where personal issues might be exposed to a broader audience.

4. **Perception of Effectiveness and Support**: With Policy 2, the concept of Conflict Coaches could be perceived as offering more proactive and supportive intervention. Employees may feel that having a dedicated coach indicates a sincerer commitment from the organization to resolving workplace issues and supporting employee wellbeing. This perception could enhance employees' trust in the process and make them more likely to engage with it.

5. **Avoidance of Added Stress**: Scheduling mediation outside of regular working hours (Policy 1) might add stress or resentment, as it encroaches on employees’ personal time. In contrast, Policy 2, implying potentially more flexible scheduling options, emphasizes the employer’s respect for the employee’s work-life balance.

6. **Skill Development**: Policy 2 could also be seen as an opportunity for personal development. The coaching process might involve not only resolving the immediate conflict but also equipping employees with communication and conflict resolution skills they can use in the future. This added value can make Policy 2 more appealing.

Understanding these reasons, employers can better structure their conflict resolution policies to meet employee needs and foster a more harmonious and productive work environment."
3,3,"Our organization encourages employees to participate in leadership development programs, enhancing their ability to interact with supervisors.",Conflict Simulation Exercises: Role-playing helps employees practice resolving conflicts.,first,"Employees may prefer the first policy because it directly focuses on their growth and development as leaders. By participating in leadership development programs, employees can acquire new skills, gain more confidence in their abilities, and improve their communication with supervisors. This can ultimately lead to greater career advancement opportunities and a more positive work environment.

On the other hand, Conflict Simulation Exercises may be seen as more of a remedial or reactive measure to resolving conflicts, rather than a proactive approach to personal and professional growth. While these exercises can certainly be beneficial in practicing conflict resolution skills, employees may feel that Policy 1 offers more long-term benefits and opportunities for advancement in their careers.","Employees might prefer Policy 1 over Policy 2 for several reasons related to their professional development, comfort levels, and perceived benefits. Here’s a breakdown of potential motives for their preference:

### Emphasis on Development over Conflict

1. **Positive vs. Negative Framing:** Policy 1 is framed positively, focusing on leadership development and enhancing interactions with supervisors, which is more likely to be seen as a valuable professional development opportunity. In contrast, Policy 2, while valuable, is framed around conflict, which might evoke negative emotions or anxiety among employees.

2. **Perceived Relevance:** Leadership development (Policy 1) is universally recognized as beneficial for career progression, appealing to a wide range of employees. The skillset it develops is broadly applicable, from improving daily work interactions to advancing one’s career. Conversely, conflict resolution training (Policy 2) might be perceived as less universally applicable or only relevant in negative situations.

3. **Comfort Level:** Role-playing, especially in conflict scenarios (Policy 2), can be uncomfortable or stressful for many individuals, potentially evoking anxiety about performing in front of peers. Leadership development programs (Policy 1) might include more varied formats (e.g., workshops, mentorship, seminars) that are less intimidating or stressful.

4. **Future Aspirations:** Employees are likely to view leadership development programs as directly beneficial to their career progression, equipping them with the skills needed to attain higher positions or more responsibilities. This direct link to career advancement makes Policy 1 more appealing.

5. **Skill Application:** The skills gained from leadership development programs are often applicable immediately and in various contexts—both professionally and personally. Conflict resolution skills, while important, might be seen as situational or only needed in certain contexts.

6. **Networking Opportunities:** Leadership development programs often include interactions with higher-level management and peers from different departments, offering valuable networking opportunities. Conflict simulation exercises may not provide the same scope for networking or meeting influential figures within the organization.

7. **Recognition and Visibility:** Participation in leadership development programs might be more recognizable as an achievement or noteworthy endeavor within the organization, providing participants with greater visibility. In contrast, engagement in conflict resolution training might not be equally acknowledged or valued.

### Conclusion

Employees’ preference for Policy 1 likely stems from a combination of factors that include the positive framing of the policy, its perceived direct relevance to career growth, the comfort level with the activities involved, and the broad applicability of the skills developed through such programs. The preference indicates a desire for growth opportunities that are both enriching and conducive to personal and professional development in a manner that is aligned with their career aspirations and comfort zones."
4,4,Grievance Resolution Committee: A committee addresses formal grievances and ensures a fair resolution process.,We provide employees with a comprehensive handbook outlining our dispute resolution process for clarity.,first,"Employees may prefer Policy 1 because having a dedicated Grievance Resolution Committee in place signifies that the organization takes their concerns seriously and is committed to resolving disputes in a fair and transparent manner. This can provide employees with a sense of assurance that their grievances will be dealt with objectively and impartially. Additionally, having a committee specifically tasked with addressing grievances can create a structured and formal process for resolution, which may be seen as more effective and reliable than simply having a handbook outlining the dispute resolution process. Employees may feel more supported and empowered in knowing that there is a designated group of individuals who are responsible for ensuring their concerns are heard and addressed properly.","Employees might prefer Policy 1 (the formation of a Grievance Resolution Committee) over Policy 2 (provision of a comprehensive handbook outlining the dispute resolution process) for several reasons that revolve around perceptions of fairness, accessibility, personalization, and effectiveness. Here are some of the reasons why employees might favor the committee approach:

### 1. Personal Touch and Human Interaction:
- **Empathy and Understanding**: A committee can offer a level of empathy and understanding that documents cannot. Personal interaction with committee members can make employees feel heard and valued.
- **Face-to-Face Communication**: Many people find it easier to communicate their issues and concerns verbally and in person, rather than through written complaints or by navigating a handbook.

### 2. Perceived Fairness:
- **Impartial Oversight**: A committee, especially if it includes members from various levels and departments, may be perceived as more impartial and fair than a process outlined in a handbook. This can lead to a greater trust in the resolution process.
- **Transparency**: The presence of a committee can make the grievance process appear more transparent. This transparency can lead to increased trust in the process and the belief that the grievance will be addressed appropriately.

### 3. Adaptability and Flexibility:
- **Tailored Solutions**: A committee can adapt its approach to the specific circumstances of each case, potentially leading to resolutions that are more satisfactory to all parties involved.
- **Diverse Perspectives**: A committee comprised of members with diverse backgrounds can consider multiple perspectives and come up with creative, nuanced solutions.

### 4. Accessibility:
- **Ease of Access**: Employees might perceive approaching a committee as more accessible or less intimidating than navigating through a handbook and formal procedures on their own.
- **Guidance**: The committee can offer direct guidance to employees on the process, what to expect, and how to prepare their case, which is something a handbook cannot provide.

### 5. Quicker Resolutions:
- **Direct Engagement**: With a committee, there may be a perception that grievances will be addressed and resolved more quickly, as the committee can directly engage with the issue without the employee needing to navigate through procedural steps outlined in a handbook.

### 6. Accountability:
- **Personal Accountability**: A committee can hold individuals more personally accountable than a process. Seeing real people discuss and decide on their grievances might make employees feel that their issues are taken seriously.
- **Continuous Improvement**: A committee, through its operations, can also observe patterns in grievances and may be more proactive in recommending organizational changes to preempt future issues.

In summary, the preference for a committee-based approach lies in its personalization, perceived effectiveness, and the directness of human interactions which can make employees feel more valued and supported. These aspects can significantly influence an employee's trust in the grievance resolution process and their overall satisfaction with how their concerns are handled within the organization."
5,5,We have an employee assistance program that offers counseling and support to help employees manage stress related to disputes with supervisors.,A designated ombudsman serves as a neutral third party to facilitate resolution in difficult cases.,first,"Employees may prefer the first policy because it offers direct access to counseling and support to help them manage stress related to disputes with supervisors. This can provide employees with a more immediate and personalized form of assistance, allowing them to address their concerns and potentially resolve conflicts in a timely manner. In contrast, the second policy of having a designated ombudsman may not offer the same level of individualized support or proactive intervention in resolving disputes. Employees may feel more comfortable and supported by having access to counseling and support services directly, rather than relying on a third party to mediate or facilitate resolution.","Employees might prefer Policy 1 over Policy 2 for several reasons, including:

1. **Privacy and Confidentiality**: Policy 1's use of an employee assistance program for counseling and support may feel more private and secure to employees. They might worry less about confidentiality issues concerning their issues with supervisors. The idea of discussing sensitive issues with someone who is entirely removed from their work environment can offer a sense of safety and security that their concerns won’t indirectly influence their work relationships and standing.

2. **Lower Perception of Confrontation**: Policy 1 appears less confrontational than directly involving a third party (an ombudsman) to facilitate a resolution. Employees might be concerned about escalating disputes with supervisors by bringing in an ombudsman. Seeking counseling and support can feel like a self-managed approach to handling stress and possibly finding personal solutions to disputes without direct confrontation.

3. **Greater Sense of Empowerment**: Utilizing counseling and support services may give employees a more significant sense of control over their situation. It allows them to explore solutions and coping mechanisms at their own pace, rather than feeling pushed into a structured resolution process. This empowerment can make employees feel more competent and confident in managing their relationship with supervisors.

4. **Immediate Stress Relief**: Counseling and support services often provide immediate strategies for stress relief and emotional management, which is attractive to employees seeking quick relief from the tensions of disputes. On the other hand, the ombudsman’s facilitation process in Policy 2 might seem like a longer route to achieving peace and resolution.

5. **Avoiding Formality and Escalation**: Engaging an ombudsman might be perceived as escalating the situation to a more formal level, which could induce additional stress or anxiety for the employee. Employees might fear reprisal or damage to their professional relationships. Using the employee assistance program feels less formal and less likely to result in potential backlash or formalization of the dispute.

6. **Personal Development**: The counseling and support offered by Policy 1 not only targets the immediate stress related to disputes with supervisors but may also provide employees with personal development tools. This could include improving communication skills, emotional intelligence, and strategies for conflict resolution, which are beneficial beyond the immediate situation.

In summary, employees likely prefer Policy 1 because it offers a more confidential, less confrontational, and immediately supportive approach to managing stress related to disputes with supervisors. This preference underscores the broader need for support systems that address employee well-being in a holistic manner, fostering both personal growth and professional harmony."
6,6,Employee Support Groups: Peer-led support groups for employees facing similar issues.,We offer conflict resolution workshops to provide employees with valuable skills.,first,"Employees may prefer the first policy because it offers a more personalized and supportive approach to addressing their issues. Peer-led support groups allow employees to connect with others who are facing similar challenges, providing a sense of community and understanding. This can help employees feel less isolated and more supported in their struggles.

Additionally, peer-led support groups may offer a more informal and comfortable setting for employees to discuss their issues compared to conflict resolution workshops, which may be more structured and focused on specific strategies and techniques. Employees may appreciate the opportunity to freely share and receive advice from their peers in a non-judgmental environment.

Overall, the employee support groups may be seen as a more empathetic and holistic approach to addressing employees' issues, which can lead to greater employee satisfaction and well-being.","Employees might prefer Policy 1 (Employee Support Groups) over Policy 2 (Conflict Resolution Workshops) for several reasons rooted in the nature of human behavior, psychological comfort, and the perceived benefits of each policy:

1. **Higher Sense of Community and Belonging:** Employee Support Groups are peer-led, which can foster a stronger sense of community and camaraderie among participants. This sense of belonging to a group of peers facing similar challenges may provide comfort and a more welcoming environment.

2. **Empathy and Understanding:** Since these groups are formed around common issues, participants might feel that their colleagues can understand their situations better than an external workshop facilitator. This empathetic understanding can create an environment where employees feel more comfortable sharing and discussing their problems.

3. **Informal Setting:** Support groups often have a more informal, relaxed atmosphere compared to structured workshops, making it easier for some individuals to open up about their issues. This informality can remove barriers to communication, allowing for more genuine interactions.

4. **Flexibility and Accessibility:** Peer-led support groups may offer more flexible scheduling or formats (e.g., in-person, online) that suit employees' varying needs and preferences. This accessibility can make these groups more appealing than scheduled workshops.

5. **Perceived Relevance:** Employees might find the content and discussions in support groups more directly relevant to their personal and immediate concerns. In contrast, conflict resolution workshops, while valuable, might be perceived as more generic or not directly applicable to their current situation.

6. **Autonomy and Empowerment:** Participating in peer-led groups can empower employees by allowing them to take control of their support structures. This contrasts with attending a workshop where the structure and content are predetermined by others.

7. **Less Formality, More Comfort:** Workshops, especially those on conflict resolution, might be perceived as implying that employees have deficiencies in conflict management. Participating in a peer support group does not inherently come with this connotation, potentially making employees more comfortable with joining.

8. **Continuity of Support:** Support groups often meet regularly over an extended period, providing ongoing support. In contrast, workshops might be a one-off event, without the same level of continued engagement and support.

Understanding these preferences can help organizations tailor their initiatives to better meet the needs and desires of their employees, fostering a more supportive, engaged, and productive workplace culture."
7,7,Training in conflict avoidance techniques helps employees and supervisors prevent conflicts from escalating.,Collaborative goal-setting sessions promote alignment and reduce disagreements.,first,"Employees may prefer the first policy because it directly addresses the issue of conflict and provides them with practical tools and techniques to prevent conflicts from escalating. This can help create a more positive and harmonious work environment, as conflicts can be disruptive and stressful for employees. By offering training in conflict avoidance techniques, employees may feel more empowered to effectively manage conflicts and maintain positive relationships with their colleagues and supervisors.

Additionally, conflicts can have a negative impact on productivity, morale, and overall job satisfaction. By implementing a policy that focuses on conflict avoidance, employees may feel more confident in their ability to navigate difficult situations and maintain professional relationships with their coworkers. Overall, the first policy may be preferred by employees because it offers concrete strategies for addressing and preventing conflicts in the workplace.","The preference for Policy 1: [Training in conflict avoidance techniques helps employees and supervisors prevent conflicts from escalating] over Policy 2: [Collaborative goal-setting sessions promote alignment and reduce disagreements] among employees can be attributed to several plausible reasons. Let’s explore some likely factors that might influence this preference:

1. **Direct Empowerment**: Policy 1 empowers employees directly by equipping them with skills to handle conflicts proactively, which is a valuable, practical skill set that employees can use in a variety of situations, both within and outside the workplace. This direct empowerment may be seen as immediately beneficial and applicable.

2. **Psychological Safety**: Training in conflict avoidance techniques can enhance a sense of psychological safety amongst employees. Knowing how to navigate disagreements or potential conflicts without escalation promotes a work environment where employees feel more secure and less anxious about interpersonal dynamics.

3. **Immediate Application**: Conflict avoidance skills can be applied in real-time and offer immediate benefits. Employees might prefer Policy 1 because it provides tools that can be used as soon as a conflict appears, offering a direct way to manage stress and discomfort associated with workplace disagreements.

4. **Personal Control**: Employees might feel that Policy 1 gives them more control over their work environment. By learning how to avoid conflicts, they can independently manage their interactions rather than depending on group activities or management-led sessions to resolve or prevent disagreements.

5. **Universality and Versatility**: Conflict avoidance techniques are universally applicable and versatile. Employees can perceive these skills as valuable not just for current situations but as lifelong tools useful in various scenarios, including outside work, thus offering added perceived value.

6. **Lower Pressure**: Compared to collaborative goal-setting sessions, which require active participation, consensus, and potentially expose individual viewpoints to scrutiny, training in conflict avoidance is less likely to place employees in vulnerable positions. Employees may prefer the less confrontational, more self-focused nature of learning conflict avoidance techniques.

7. **Efficiency Concerns**: Policy 1 might be viewed as more efficient in preventing conflicts at their root, whereas Policy 2, focusing on collaborative goal setting, can be seen as a more time-consuming process with the risk of not addressing all underlying issues that could lead to conflicts.

Understanding the preference for Policy 1 entails looking into the psychological, professional, and social benefits it offers employees in terms of empowerment, safety, and practical applicability. It's important for management to explore these reasons and potentially leverage insights to design or refine policies that align with employee needs and preferences while achieving organizational objectives."
8,8,Peer Mediation Programs: Employees can request mediation from trained colleagues.,Supervisory Intervention: Our managers receive training in conflict resolution techniques to address issues promptly.,second,"Employees may prefer the second policy of Supervisory Intervention for several reasons:

1. Managers have more authority and ability to enforce resolutions compared to peer mediators, which may lead to quicker and more effective problem solving.

2. Employees may feel more comfortable addressing conflicts with their immediate supervisors, who are already familiar with the work dynamics and personalities involved.

3. Supervisors may have a better understanding of the organizational policies and procedures, which can lead to more consistent and fair resolutions.

4. Employees may trust that their managers will handle conflicts in a professional and confidential manner, whereas peer mediators may not always have the same level of training or experience.

5. Having managers trained in conflict resolution can create a more positive work environment, as employees feel supported and valued by their supervisors.","Employees might prefer Policy 2, which involves Supervisory Intervention, over Policy 1 (Peer Mediation Programs) for several reasons related to trust, authority, confidentiality, efficiency, and outcomes. Here's a breakdown of possible reasons:

1. **Trust in Authority**: Employees may believe that managers, due to their training and position, are better equipped to handle disputes impartially and professionally. Managers are often seen as authority figures whose decisions are final and respected, making employees feel more secure in the resolution process.

2. **Confidentiality Concerns**: Employees might feel more comfortable discussing their issues with a supervisor rather than a colleague due to concerns about privacy and confidentiality. There can be fear that peer mediators might not maintain confidentiality, leading to gossip or further conflicts.

3. **Efficiency and Speed**: Supervisors, with their authority, can often implement solutions more quickly. They have the power to make decisions that can immediately impact work situations. Employees may believe that involving a manager will lead to a faster resolution of their issues.

4. **Professional Training**: Managers are specifically trained in conflict resolution techniques, which might not be the case with peer mediators. Employees could have more confidence in the training and experience of their supervisors to handle complex issues effectively.

5. **Clear Hierarchical Structure**: Seeking help from a supervisor reinforces the company’s hierarchical structure, making it clear who holds responsibility for problem-solving. This clarity can be comforting and reduces ambiguity about where to turn for help.

6. **Resolution Authority**: Managers have the authority to enact changes or make decisions that can resolve conflicts. Peers may lack this authority, making their mediation efforts seem less impactful in terms of long-term solutions.

7. **Perceived Neutrality**: Even though peer mediators are trained to be neutral, employees might perceive managers as more neutral because they are less likely to be personally involved in inter-employee dynamics.

8. **Risk Aversion**: Employees might be averse to sharing sensitive information with peers due to fear of judgment or repercussions. They might perceive the supervisor as a more secure and less biased party.

9. **Expected Outcomes**: There might be an inherent belief that managers are better equipped to provide solutions that are beneficial for both the employees involved and the organization as a whole. Their resolutions might be considered more legitimate or effective.

In summary, while peer mediation programs can be beneficial for fostering a collaborative and inclusive workplace culture, employees might lean towards supervisory intervention due to the perceived professionalism, confidentiality, authority, and efficiency associated with involving a manager in conflict resolution."
9,9,Conflict Resolution Apps: We offer technology solutions for reporting and tracking conflicts.,"Employees can request a mediator to assist in resolving issues with their supervisor, ensuring fair dispute resolution.",second,"Employees may prefer Policy 2 because it offers a more personal and human approach to conflict resolution. By providing the option to request a mediator to assist in resolving issues with their supervisor, employees feel like their concerns are being taken seriously and addressed in a fair and impartial manner. This can help to build trust between employees and management, creating a more positive work environment. Additionally, having a mediator involved can help to ensure that conflicts are resolved in a timely and effective manner, leading to faster and more satisfactory outcomes for all parties involved. Overall, Policy 2 provides a more hands-on and proactive approach to conflict resolution, which may be why employees prefer it over Policy 1.","Employees might prefer Policy 2 over Policy 1 for several reasons related to the nature of conflict resolution, interpersonal dynamics, and the psychological comfort of the employees. Here are some of the reasons for this preference:

### 1. **Personal Touch and Human Empathy:**
   - **Emotional Support:** Human mediators can provide emotional support and empathy, which a technology solution cannot offer. The presence of a mediator can help employees feel heard and understood on a personal level.
   - **Tailored Solutions:** A mediator can understand the nuances of a situation and tailor the resolution approach to fit the specific context and personalities involved. This personalization can lead to more satisfactory and lasting solutions.

### 2. **Improved Communication:**
   - **Facilitation of Dialogue:** Mediators can facilitate direct dialogue between parties in conflict, encouraging open and honest communication. This can help address underlying issues more effectively than reporting through an app.
   - **Nonverbal Cues:** Face-to-face or virtual meetings with a mediator allow for the interpretation of nonverbal cues, which can be crucial for understanding emotions and intentions that are not explicitly stated.

### 3. **Perception of Fairness:**
   - **Neutral Party Involvement:** The presence of a neutral third party can increase the perceived fairness of the process. Employees may feel that a mediator is more likely to understand and consider their perspective impartially, as opposed to an automated system.
   - **Transparency:** Human mediation can seem more transparent, as employees can ask questions, seek clarifications, and directly understand the rationale behind decisions and suggestions.

### 4. **Concerns Over Privacy and Data Handling:**
   - Concerns might exist about confidentiality and the security of sensitive information when using technology solutions. Employees might fear that their reports could be mishandled or inadvertently disclosed. A human mediator, bound by confidentiality agreements, can alleviate these concerns.

### 5. **Fear of Technology Misinterpretation:**
   - **Complexity of Human Conflict:** Conflicts often involve complex emotional, psychological, and social factors that technology might not fully capture or interpret correctly. There’s a fear that the nuance of the conflict might be lost, leading to inappropriate resolutions.
   - **User Error:** There’s also the possibility of user error or misunderstanding in how to effectively report and categorize conflicts through an app, which might lead to frustration or the issue not being addressed appropriately.

### 6. **Preference for Traditional Methods:**
   - Some employees may simply prefer traditional conflict resolution methods due to unfamiliarity with or skepticism towards technology solutions, especially in sensitive matters like personal conflicts.

In summary, while technology solutions for conflict resolution, like Policy 1, can offer convenience and streamlining of processes, the preference for human mediators as outlined in Policy 2 underscores the importance of the human element in managing interpersonal conflicts. The personal touch, empathy, and nuanced understanding that a human mediator brings to the table are often viewed as more effective and reassuring during the delicate process of conflict resolution."
10,10,"We provide conflict resolution pamphlets in the breakroom, offering helpful tips.",We provide resources for employees to seek external mediation or counseling services if disputes with supervisors persist.,second,"There could be several reasons why employees might prefer Policy 2 over Policy 1:

1. Professional guidance: External mediation or counseling services offer more professional and personalized support for resolving conflicts than simply reading pamphlets. Employees may feel more confident in seeking outside help from trained professionals.

2. Neutral third party: External mediation services provide a neutral third party to help facilitate discussions and find a fair resolution. This can help employees feel more comfortable and confident in addressing their concerns without fear of bias or favoritism.

3. Confidentiality: Employees may feel more comfortable discussing their issues with an external mediator or counselor, knowing that the conversation will remain confidential. This can encourage employees to be more open and honest about their concerns.

4. Long-term solutions: External mediation or counseling services may offer more comprehensive and long-term solutions for resolving conflicts, rather than just providing quick tips or advice on managing the situation. Employees may appreciate the opportunity to address underlying issues and work towards a more sustainable resolution.

Overall, Policy 2 may be preferred by employees because it offers a more personalized, professional, and confidential approach to resolving conflicts with supervisors.","Employees might prefer Policy 2 over Policy 1 (providing resources for external mediation or counseling) for several reasons:

1. **Professionalism and Expertise**: External mediators or counselors are trained professionals who specialize in conflict resolution. Employees might feel more confident in the objectivity and effectiveness of the resolution process when handled by experts outside the organization.

2. **Neutrality**: An external mediator is a neutral party without any vested interest in the organization's internal politics or dynamics. This impartiality can make employees feel more secure in the fairness of the process, as opposed to using in-house resources which might be perceived as biased.

3. **Privacy and Confidentiality**: External services might offer a higher degree of privacy and confidentiality. Employees could be concerned about their grievances or disputes becoming common knowledge within the workplace if handled internally. Seeking external mediation or counseling can minimize this risk, making employees more comfortable with the process.

4. **Perceived Effectiveness**: Employees might perceive external sources as being more effective in resolving disputes, especially if there is a significant power imbalance, such as disputes with supervisors. The presence of a neutral third party can help ensure that all voices are heard and that the resolution is fair and balanced.

5. **Stress Reduction**: Engaging with professionals outside of the work environment could also reduce the stress and anxiety associated with workplace disputes. It isolates the conflict from the daily work environment, allowing employees to approach resolution with a clearer mind.

6. **Comprehensive Support**: External mediators or counselors can provide a broader range of support services that go beyond simple conflict resolution, including emotional support, coping strategies, and personal development. This comprehensive approach can be more appealing to employees facing difficult work relationships.

7. **Preservation of Relationships**: By using external services, employees may believe there is a better chance of preserving professional relationships within the workplace by avoiding the potential awkwardness of an internal resolution process overseen by colleagues or managers.

8. **Avoidance of Retaliation**: Employees might be worried about potential retaliation when conflicts involve supervisors. External mediation offers a layer of protection, as the process is removed from the direct influence of internal hierarchy.

In summary, employees might prefer Policy 2 because it addresses concerns related to neutrality, professionalism, confidentiality, and the overall effectiveness of the resolution process in a way that in-house resources, such as conflict resolution pamphlets, might not be able to match.
"
11,11,"A mentorship program pairs employees with experienced colleagues, providing guidance and preventing conflicts.",We've implemented a complaint card system to track and address employee concerns effectively.,first,"Employees may prefer the mentorship program because it offers personalized guidance and support from experienced colleagues. This program allows for ongoing development and growth, potentially helping employees navigate challenges and conflicts in a proactive manner. In contrast, the complaint card system may be seen as reactive and transactional, focusing solely on addressing concerns rather than providing continuous support and professional development. Additionally, the mentorship program fosters a sense of community and collaboration within the organization, promoting a positive work culture and boosting employee morale.","There are several reasons why employees might prefer the mentorship program (Policy 1) over the complaint card system (Policy 2). These reasons touch on aspects of personal growth, workplace culture, proactive vs. reactive measures, and the sense of community:

1. **Personal Connection and Guidance**: The mentorship program provides a more personal and direct approach to professional development. Employees feel valued and supported when they have a mentor who invests time in their growth, offers guidance, and helps navigate workplace challenges. This personal connection can make employees feel more seen and understood compared to submitting anonymous or impersonal complaints.

2. **Preventive Approach to Conflicts**: The mentorship program is inherently proactive, aiming to prevent conflicts by fostering understanding and communication between employees. In contrast, the complaint card system is reactionary, addressing problems only after they have occurred. Employees may prefer the mentorship approach as it seeks to mitigate issues before they escalate, thereby creating a more harmonious work environment.

3. **Opportunities for Professional Development**: A mentorship program offers opportunities for employees to learn, develop new skills, and advance their careers through the guidance of experienced colleagues. This aspect of career advancement and skill acquisition is compelling to many individuals, as it directly impacts their professional growth and job satisfaction.

4. **Enhanced Communication and Stronger Relationships**: Mentorship programs encourage open communication and the building of stronger relationships within the workplace. These relationships can lead to a more collaborative and supportive work environment. In contrast, a complaint card system might inadvertently foster a culture of anonymity and potentially encourage a focus on negative aspects rather than constructive feedback and solutions.

5. **Sense of Belonging and Community**: Mentorship can contribute significantly to creating a sense of belonging and community among employees. Knowing that someone is there to guide and support them can make employees feel more connected to the organization. The mentorship program suggests a culture that values nurturing and developing its workforce, whereas the complaint card system may unintentionally signal a focus on identifying faults without necessarily fostering a sense of community or addressing the root causes of issues in a holistic manner.

6. **Perception of Effectiveness**: Employees might perceive the mentorship program as a more effective means of addressing and solving workplace issues. Given the direct interaction and ongoing relationship with a mentor, employees can receive immediate feedback and work collaboratively towards resolving their concerns. They might view the complaint card system as less effective, fearing their concerns could be overlooked, delayed, or not adequately addressed in the absence of a dialogue.

Overall, while the complaint card system is undoubtedly valuable for anonymously surfacing issues, employees might gravitate towards the mentorship program due to its proactive, development-focused, and interpersonal nature, which contributes positively to their overall work experience and professional growth."
12,12,Supervisors are encouraged to watch TED talks on communication to enhance their skills.,Progressive Discipline: Disciplinary actions are proportionate and follow a structured process.,second,"Employees may prefer the second policy on Progressive Discipline because it provides clear guidelines and a structured process for disciplinary actions. This can create a sense of fairness and transparency in the workplace, as employees know what to expect in terms of consequences for their actions. The consistent implementation of disciplinary measures based on the severity of the offense can also help to maintain a sense of order and discipline in the workplace. Additionally, having a clear process for handling disciplinary issues can help to prevent misunderstandings or conflicts between supervisors and employees. Overall, having a Progressive Discipline policy in place can create a more stable and predictable work environment for employees.","Employees might prefer Policy 2, which outlines a structured process for progressive discipline, for several reasons over Policy 1, which encourages supervisors to watch TED talks on communication. Here are some of the key reasons:

1. **Clarity and Fairness:** Policy 2 provides a clear, structured approach to disciplinary actions. This transparency can make employees feel that any disciplinary process will be handled fairly, reducing fears of arbitrary or unfair treatment. Knowing there's a defined process reassures employees that they'll have opportunities to correct their behavior before severe consequences are enacted.

2. **Consistency:** A structured disciplinary process means that all employees are subject to the same standards and procedures. This consistency is crucial for workplace morale and trust, as it suggests that no individual is unduly favored or targeted.

3. **Opportunity for Improvement:** Progressive discipline usually involves several steps before reaching termination, often starting with verbal warnings and progressing to written warnings, suspension, and then termination if necessary. This progression implies that employees have multiple opportunities to adjust their behavior and improve their performance. It promotes a growth mindset and personal accountability.

4. **Predictability:** Knowing the consequences of their actions and understanding the disciplinary process makes workplace expectations predictable. Employees tend to appreciate knowing where they stand and what is expected of them, which a structured disciplinary policy explicitly outlines.

5. **Comfort with Formal Processes:** Employees might see the progressive discipline policy as a more tangible and formal approach to problem-solving and professional development compared to the more informal suggestion of watching TED talks for improving communication skills. Formal processes often convey a sense of seriousness and commitment from the management towards ensuring a well-organized and professional working environment.

6. **Direct Relevance to Their Roles:** While improving communication skills is undoubtedly beneficial, the direct connection between watching TED talks and their daily job responsibilities might not be clear or compelling to all employees. In contrast, a disciplined approach directly impacts their job security and the workplace environment, making it more immediately relevant to their concerns.

7. **Legal Protection:** Progressive discipline processes are also seen as protective mechanisms for both the employee and the employer. They provide a documented pathway of interactions about performance or behavior issues, which can be crucial in legal contexts. This documentation and structured approach can make employees feel more secure, knowing that there's a record of fair treatment.

In summary, employees might prefer the structure, clarity, fairness, and direct relevance to their job roles that a progressive discipline policy provides, over the more generalized encouragement to improve communication skills through self-directed learning such as watching TED talks."
13,13,Supervisors are encouraged to watch TED talks on communication to enhance their skills.,We have an anonymous hotline for reporting issues to ensure confidentiality and resolution.,second,"Employees may prefer the second policy because:

1. Confidentiality: Employees may feel more comfortable reporting issues anonymously, as they may fear retaliation or judgement if their identity is revealed. The anonymity of the hotline provides a safe space for employees to voice their concerns without fear of consequences.

2. Resolution: The anonymous hotline is specifically dedicated to addressing and resolving issues, which may give employees more confidence that their concerns will be taken seriously and action will be taken to address them. This may give employees a sense of empowerment and control over their work environment.

3. Trust: Knowing that there is a dedicated hotline for reporting issues may increase employees' trust in the organization and its commitment to fostering a positive work environment. This transparency can help build trust between employees and management.

4. Accessibility: Employees may find it easier to report issues through an anonymous hotline rather than directly approaching supervisors or HR. This can make it more accessible for employees, particularly if they are uncomfortable or hesitant to speak up in person.

Overall, the policy of having an anonymous hotline for reporting issues may be preferred by employees because it provides a safe, confidential, and effective way for them to address their concerns and ensure a positive work environment.","Employees might prefer Policy 2, which establishes an anonymous hotline for reporting issues, for several reasons related to their perception of safety, confidentiality, and efficacy in addressing concerns. Here are some possible reasons:

1. **Anonymity:** The assurance of anonymity can be a strong factor in an employee's willingness to report sensitive issues. Employees might fear retaliation or being judged by their peers and supervisors. Knowing they can report issues without disclosing their identity can make them feel safer and encourage them to step forward with concerns they might otherwise keep to themselves.

2. **Direct Action on Issues:** An anonymous hotline suggests a mechanism is in place for directly addressing and resolving workplace issues. Employees may view this as a more pragmatic and results-oriented approach compared to enhancing communication skills through watching TED talks. They likely value a policy that provides a clear avenue for problem resolution.

3. **Confidentiality:** Besides anonymity, confidentiality reassures employees that the issues they report will be handled discreetly, protecting their privacy and personal data. This may reduce the anxiety associated with reporting issues, particularly in small or tightly-knit work environments.

4. **Perceived Effectiveness:** Employees may believe that an anonymous hotline directly contributes to a healthier workplace by identifying and mitigating issues such as harassment, discrimination, or other unethical behaviors. It represents a tangible commitment to addressing problems, as opposed to the more indirect approach of encouraging supervisors to improve their communication skills.

5. **Accessibility and Ease of Use:** Policy 2 implies that employees have a readily accessible tool for reporting issues anytime, which might be seen as more user-friendly and efficient than expecting supervisors to voluntarily improve their communication skills through self-directed activities like watching TED talks.

6. **Empowerment:** Offering an anonymous hotline could empower employees by giving them a voice, especially in scenarios where power dynamics might otherwise deter them from speaking up. This empowerment can foster a sense of belonging and respect within the organization.

7. **Trust in Process:** The establishment of an anonymous hotline might also indicate to employees that there is a structured process in place for dealing with their concerns, which could foster greater trust in the organization’s commitment to fairness and justice.

Policy 1, which encourages supervisors to watch TED talks on communication, although beneficial for overall workplace dynamics and potentially improving the quality of supervision, may seem too indirect and passive for addressing specific, immediate concerns employees have about their work environment. In essence, while personal development is valued, direct mechanisms for addressing and resolving workplace issues are often preferred by employees for the tangible and immediate impact they can have on their work life and safety."
14,14,Supervisors are asked to incorporate inspirational quotes into their communications to inspire their teams.,We recommend employees seek advice from their peers and mentors to navigate workplace issues.,second,"One reason employees may prefer the second policy over the first is that seeking advice from peers and mentors can provide more practical and personalized guidance for navigating workplace issues. Inspirational quotes, while motivational, may not always provide direct solutions to specific challenges employees face in their day-to-day work. Additionally, seeking advice from peers and mentors allows employees to benefit from the wisdom and experience of others who may have faced similar situations or have insights on how to address workplace issues effectively. This can lead to more successful outcomes and a better overall work experience for employees.","Employees might prefer Policy 2, which encourages them to seek advice from peers and mentors to navigate workplace issues, for several reasons:

1. **Personalized Advice**: Unlike generic inspirational quotes, advice from peers and mentors is tailored to the individual's specific situation. This personalized guidance is typically more practical and actionable, addressing the immediate concerns or challenges an employee faces.

2. **Relevance**: Peers and mentors understand the workplace dynamics, culture, and specific challenges that an employee might be dealing with. They can offer insights grounded in shared experiences, making their advice much more relevant and applicable.

3. **Building Relationships**: Seeking advice from peers and mentors can help build stronger interpersonal relationships within the workplace. These interactions foster a sense of belonging and community, which can improve morale and team cohesion.

4. **Empowerment**: When employees are encouraged to seek advice and discuss challenges, it empowers them to take control of their professional development and problem-solving processes. This can lead to greater job satisfaction and a more engaged workforce.

5. **Trust and Credibility**: Employees are likely to trust and value the opinions of their peers and mentors, who they view as credible sources of information due to their experience or role. In comparison, inspirational quotes, while uplifting, may not resonate as deeply or be viewed as directly applicable to their situation.

6. **Skill Development**: Interacting with peers and mentors for advice can aid in skill development, including communication, critical thinking, and problem-solving skills. This not only helps with immediate workplace issues but also contributes to personal and professional growth over time.

7. **Feedback Mechanism**: Seeking advice is a two-way process that can act as an informal feedback mechanism, allowing individuals to reflect on their strengths and areas for improvement. This ongoing feedback is crucial for continuous learning and development.

8. **Autonomy and Independence**: This policy indirectly promotes autonomy by encouraging employees to actively seek solutions and advice. This sense of independence can be more motivating and rewarding than being passively inspired by quotes, no matter how motivational they might be.

In summary, while inspirational quotes can positively affect morale and motivation in the short term, employees are likely to prefer the more interactive, personalized, and practical approach to workplace challenges offered by seeking advice from peers and mentors. This approach not only helps in addressing immediate problems but also contributes to personal growth, stronger workplace relationships, and an overall more supportive work environment."
15,15,We have a conflict resolution committee that meets quarterly to address employee concerns.,Employee recognition programs acknowledge supervisors who excel in conflict resolution and team management.,second,"Employees may prefer Policy 2 because it provides a more proactive and positive approach to conflict resolution. By recognizing and rewarding supervisors who excel in conflict resolution and team management, it incentivizes good behavior and encourages a culture of effective conflict resolution within the organization. This can lead to a more positive and supportive work environment, where conflicts are addressed promptly and constructively, leading to improved communication and teamwork. Additionally, employees may feel more motivated and appreciated when their efforts in conflict resolution are recognized and rewarded, which can contribute to higher employee morale and job satisfaction.","Employees' preference for Policy 2, which acknowledges supervisors who excel in conflict resolution and team management through recognition programs, over Policy 1, which involves a conflict resolution committee meeting quarterly to address concerns, could be attributed to multiple factors:

1. **Immediate Feedback and Resolution**: Policy 2 suggests that conflict resolution and effective team management are continuously recognized and presumably addressed in real-time, which can be more appealing to employees. They may prefer the immediacy of resolving issues as they arise rather than waiting for the quarterly meetings of a committee as outlined in Policy 1.

2. **Positive Reinforcement**: Recognition programs, as mentioned in Policy 2, serve as a positive reinforcement, encouraging supervisors to proactively manage their teams and resolve conflicts efficiently. This approach not only motivates supervisors but also ensures a healthier work environment for employees, making this policy more appealing.

3. **Peer and Public Recognition**: Employees may appreciate the fact that supervisors are publicly acknowledged for their efforts in conflict resolution and team management. This public recognition can foster a culture of appreciation and respect, enhancing team cohesion and boosting morale.

4. **Direct Impact**: Policy 2 gives the impression of having a more direct impact on daily work life. Since recognition programs celebrate success in management and conflict resolution, supervisors are likely to prioritize these aspects, leading to an environment with fewer conflicts and more collaborative teams. Employees would naturally prefer a policy that improves their daily work experience.

5. **Feedback Loop**: Policy 2 could facilitate a valuable feedback loop where supervisors are not only rewarded for their competencies but also become more open to receiving feedback to maintain or elevate their recognition status. This dynamic can lead to continuous improvement in management practices, which is directly beneficial to employees.

6. **Transparency and Accountability:** Recognizing supervisors for their conflict resolution abilities could imply a level of transparency and accountability in the handling of workplace issues. Employees may feel more comfortable and supported knowing that their supervisors are held to a standard of excellence in these areas.

7. **Empowerment and Validation:** For the employees, seeing their supervisors being recognized for positive conflict resolution and management skills can be validating. It reassures them that their leaders are competent and committed to creating a supportive work environment, which can make them feel more empowered and satisfied with their jobs.

In summary, Policy 2 potentially touches on more immediate, personal, and continuous aspects of the work environment that can directly affect employee satisfaction, engagement, and the overall health of the workplace culture.
"
16,16,"We recommend self-help books on conflict resolution, available in our office library, as supplemental resources.",Our company conducts regular surveys to identify and address recurring disputes.,second,"Employees may prefer Policy 2 because it involves a proactive approach to addressing conflicts within the organization. By conducting regular surveys, employees feel that their opinions and feedback are being taken into consideration, and that management is actively working to address any recurring disputes. This approach shows a commitment to improving communication and resolving conflicts in a timely manner, which can lead to a more positive work environment and increased employee satisfaction. Additionally, Policy 2 fosters open communication and transparency, allowing employees to feel heard and valued in the process of conflict resolution.","Employees might prefer Policy 2 over Policy 1 for several reasons. Understanding these reasons can help in tailoring organizational strategies that more effectively meet the needs and preferences of the workforce. Here are some potential reasons why employees might favor the approach of conducting regular surveys to identify and address recurring disputes:

1. **Direct Engagement:** Policy 2 implies a proactive approach by the organization in directly engaging with employees' concerns. This approach can make employees feel heard and valued, increasing their satisfaction and loyalty to the company.

2. **Timeliness:** Regular surveys suggest an ongoing, timely effort to identify and resolve issues as they arise, rather than relying on employees to seek out solutions on their own time. This can lead to quicker resolutions of conflicts, reducing the duration and perhaps the intensity of workplace disputes.

3. **Personalization:** Through surveys, the company can gather specific information about the nature of conflicts and tailor its interventions to address these issues effectively. This personalized approach can be more appealing to employees than the more generic advice found in self-help books.

4. **Shared Responsibility:** Policy 2 creates a shared responsibility for conflict resolution, with the organization taking an active role. This contrasts with Policy 1, which might be perceived as placing the onus solely on the employee to resolve their issues by seeking out and reading books.

5. **Community and Collaboration:** By addressing disputes at the organizational level, Policy 2 fosters a sense of community and collaboration. It signals to employees that resolving conflicts is a collective effort that benefits the workplace environment for everyone.

6. **Professional Support:** Employees may feel that the surveys and the subsequent organizational actions offer a more professional and structured approach to conflict resolution than self-study through books. This can create a perception of more reliable and effective interventions.

7. **Accessibility and Ease of Use:** Not all employees might find it easy or be inclined to seek out books, even if recommended and provided by the company. Surveys can be more accessible and require less effort for participation, making this method more appealing.

8. **Visibility of Action:** With regular surveys and organizational follow-ups, the actions taken by the company are more visible to the workforce. This visibility can reaffirm the company’s commitment to creating a positive work environment.

In sum, Policy 2’s preference could stem from its active, personalized, and inclusive approach to conflict resolution, which likely aligns better with employees' expectations for organizational support and engagement."
17,17,Training in emotional intelligence helps employees and supervisors better manage their emotions during conflicts.,"We encourage employees to write letters to their supervisors to address issues, facilitating written communication.",first,"One possible reason employees may prefer Policy 1 over Policy 2 is that training in emotional intelligence can provide them with valuable skills and tools to better handle conflicts and emotional situations in the workplace. This can lead to improved relationships and communication with coworkers and supervisors, ultimately creating a more positive and supportive work environment.

On the other hand, employees may see writing letters to their supervisors as a more confrontational or formal approach to addressing issues, which could potentially create tension or friction in the workplace. Additionally, some employees may feel more comfortable expressing themselves verbally rather than in written form.

Overall, Policy 1 may be preferred by employees because it focuses on building interpersonal skills and fostering emotional intelligence, which can lead to more effective conflict resolution and communication in the workplace.","There could be several reasons why employees might prefer Policy 1 (training in emotional intelligence) over Policy 2 (encouraging writing letters to supervisors to address issues). Let's explore some possible reasons: 

### 1. **Direct Impact on Personal Development**
Emotional Intelligence (EI) training can be seen as a tool for personal growth that goes beyond the workplace. It not only helps employees handle workplace conflicts but also aids in managing personal life challenges. Employees might find this appealing because it offers them valuable life skills that contribute to their overall mental and emotional wellbeing.

### 2. **Immediate and Practical Application**
Training in emotional intelligence equips employees with the skills to manage and express their emotions constructively in real-time situations. This can be particularly beneficial in high-stress environments or when immediate conflict resolution is needed. On the other hand, writing letters is a more prolonged process and might not offer immediate solutions to pressing issues.

### 3. **Promotion of a Collaborative Environment**
Emotional intelligence training fosters understanding and empathy among employees and supervisors. This approach encourages open, two-way communication and a culture of trust and respect. Meanwhile, communicating concerns through letters might be perceived as a more formal and distant method of interaction, potentially creating a barrier between employees and supervisors.

### 4. **Concerns About Anonymity and Reprisal**
Employees might feel uneasy about writing letters to their supervisors to address issues, fearing their concerns could lead to negative consequences or not be kept confidential. With emotional intelligence training, employees are equipped to navigate conflicts more diplomatically and assertively without fear of reprisal.

### 5. **Greater Emotional Support**
Policy 1 implicitly acknowledges the emotional aspects of workplace conflicts and offers a supportive approach to dealing with them. This validation of employees' feelings might be comforting and preferable to employees who seek an empathetic approach to conflict resolution.

### 6. **Efficiency and Time Management**
Writing letters, waiting for responses, and possibly engaging in back-and-forth correspondence can be time-consuming. Employees may prefer the more dynamic and interactive nature of emotional intelligence training, which allows for quicker, more spontaneous conflict resolution techniques.

### 7. **Applicability Across Various Scenarios**
Emotional intelligence skills are versatile and can be applied in a range of situations—beyond just conflict resolution. This versatility makes EI training more attractive to employees who see the benefits of such training extending into multiple areas of their professional and personal lives.

### Summary
Employees might prefer Policy 1 due to its focus on developing interpersonal skills that have a broad application, its ability to provide immediate tools for conflict resolution, and its encouragement of a supportive and collaborative work environment. Emotional intelligence training is seen as an investment in employees' personal and professional development, offering both immediate and long-term benefits."
18,18,We've introduced a complaint of the month contest to highlight and address concerns effectively.,Our company has a clear conflict resolution policy that all employees must follow.,second,"Employees may prefer the second policy, which establishes a clear conflict resolution process, because it provides a structured and fair way to address issues and concerns. By having a defined policy in place, employees may feel more confident that their issues will be handled promptly and fairly. This can help create a more positive and supportive work environment, as employees know there is a process in place to address conflicts. Additionally, having a conflict resolution policy in place can help prevent conflicts from escalating and becoming disruptive to the workplace.","There could be several reasons why employees might prefer Policy 2 over Policy 1:

1. **Professionalism and Fairness:** Policy 2, being a clear conflict resolution policy, is seen as a more professional and structured approach to handle workplace issues and disagreements. It likely outlines steps and procedures that provide a fair and equitable way to resolve conflicts, ensuring that all employees are heard and treated fairly. This can create a sense of security among employees, knowing there is a formal process to address their concerns.

2. **Confidentiality and Privacy:** Conflict resolution policies typically guarantee a level of confidentiality, allowing employees to raise their concerns without fear of public exposure or embarrassment. In contrast, a ""complaint of the month"" contest might make some employees uncomfortable, as it could potentially publicize what they prefer to keep private.

3. **Constructive Approach:** A clear conflict resolution policy is focused on finding solutions and making improvements, which can contribute to a positive work environment. It encourages constructive feedback and problem-solving, rather than highlighting or singling out complaints which might be perceived as negative or accusatory.

4. **Predictability and Consistency:** A standardized conflict resolution policy provides a predictable and consistent approach to dealing with disputes and complaints. Employees know what to expect in terms of procedures, timelines, and potential resolutions. This consistency can reduce anxiety and tension, making the workplace feel more manageable and less chaotic.

5. **Comprehensive Coverage:** Conflict resolution policies usually address a wide range of issues and provide multiple mechanisms for resolving them, from informal mediation to more formal procedures. This comprehensive approach assures employees that no matter the problem, there is a pathway to resolution. On the other hand, a ""complaint of the month"" contest may seem too arbitrary or superficial, focusing only on selected issues while neglecting others.

6. **Employee Participation and Empowerment:** A clear conflict resolution process often involves the participation of the employees in the resolution process, empowering them to have a say in the outcome. This can lead to more satisfactory resolutions for all parties involved. In contrast, the competitive nature of a ""complaint of the month"" contest could imply that only some concerns are worthy of attention, potentially disempowering employees whose complaints are not selected.

7. **Focus on Positive Outcomes:** Employees might see a conflict resolution policy as a means to promote a positive workplace culture, aimed at resolving issues and moving forward. Compared to a contest that highlights complaints, a structured policy is more likely to be seen as constructive and oriented towards positive change.

Overall, while Policy 1 might be intended to engage employees in identifying issues, its approach could be perceived as trivializing or sensationalizing complaints. Policy 2, by providing a clear, respectful, and constructive framework for addressing conflicts, naturally resonates more with employees who seek a supportive and professional work environment."
19,19,We recommend employees seek advice from their peers and mentors to navigate workplace issues.,We use technology-based solutions to facilitate virtual conflict resolution discussions.,first,"1. Personal Connection: Seeking advice from peers and mentors allows for a personal connection to be established, which can help employees feel more supported and understood in navigating workplace issues.

2. Trust and Support: Employees may feel more comfortable opening up about their concerns and seeking advice from people they trust, such as peers and mentors, rather than relying on technology-based solutions.

3. Human Interaction: Discussing workplace issues with peers and mentors in person can provide a more interactive and engaging experience compared to virtual conflict resolution discussions, which may be perceived as more impersonal.

4. Established Relationships: Employees may already have strong relationships with their peers and mentors, making it easier to seek advice and guidance from them compared to relying on technology for conflict resolution discussions.

5. Real-time feedback: Getting advice from peers and mentors allows for immediate and real-time feedback, which can be more beneficial in quickly addressing and resolving workplace issues compared to relying on technology-based solutions that may have delays or limitations.","Employees might prefer Policy 1 over Policy 2 for several reasons, each grounded in psychological, social, and practical aspects of how individuals engage in the workplace. Here's a look at some of these reasons:

### 1. **Personal Connection**
- **Emotional Support:** Engaging with peers and mentors offers emotional support that technology-based solutions might not provide. The empathy and understanding from someone who might have been in a similar situation can be comforting.
- **Personal Touch:** Direct interaction with others adds a personal touch and can make employees feel more valued and understood compared to interacting with technology.

### 2. **Trust and Confidentiality**
- **Trust in Peers:** Employees often trust their peers and mentors whom they know personally more than an impersonal technology-based system. There's a sense of safety in sharing concerns with someone familiar.
- **Confidentiality Concerns:** There might be concerns about the confidentiality of sensitive issues discussed through technology, whereas a one-on-one conversation with a trusted mentor feels more secure.

### 3. **Adaptability and Contextual Understanding**
- **Nuanced Understanding:** Peers and mentors can offer advice that is more nuanced and adapted to the specific context of the situation, something technology might not fully capture.
- **Flexibility in Communication:** Conversations with peers and mentors can naturally shift and adapt based on the flow of the conversation, allowing for more comprehensive and tailored advice.

### 4. **Learning and Development**
- **Development of Soft Skills:** Interacting with peers and mentors for advice and resolution of workplace issues helps in the development of interpersonal and negotiation skills.
- **Mentorship and Growth:** Seeking advice from more experienced colleagues provides an opportunity for mentorship and personal growth, beyond just resolving the current issue.

### 5. **Ease and Accessibility**
- **Ease of Access:** It's often easier and less intimidating for employees to approach someone they know rather than navigating a technological solution.
- **Immediate Feedback:** Conversations with peers or mentors can provide immediate feedback and a two-way dialogue that is more satisfying and helpful for resolving issues.

### 6. **Tech Limitations and Skepticism**
- **Skepticism towards Technology Efficacy:** Employees might be skeptical about the effectiveness of technology in understanding and resolving human-centric conflicts.
- **Digital Fatigue:** In an era where work and communication are increasingly virtual, employees may prefer human interaction to screen time, especially for sensitive discussions.

### Conclusion
While technology can play a significant role in enhancing workplace efficiency and even facilitating certain types of communication, when it comes to navigating workplace issues, many employees still value the human touch, trust, personal connection, and nuanced understanding that comes from engaging with peers and mentors. These factors contribute to a preference for Policy 1, highlighting the importance of maintaining personal connections and support systems within the workplace."
20,20,Employee Advocacy Programs: We have advocates who support employees in disputes.,Managers are trained to identify and address conflicts among their team members.,second,"Employees may prefer Policy 2 because it empowers managers to proactively address conflicts among team members, which can help prevent escalations and improve overall team dynamics. Additionally, having managers trained in conflict resolution can create a more supportive and inclusive work environment where employees feel heard and supported in resolving disputes. This policy also demonstrates a commitment to creating a positive and healthy work culture, which can boost employee morale and satisfaction.","Employees might prefer Policy 2, which focuses on training managers to identify and address conflicts among their team members, for several reasons:

1. **Direct Resolution**: Many employees may prefer to deal with issues directly within their team context rather than involving a third party. It maintains the matter within the context where it occurs and can lead to faster resolutions.

2. **Trust in Leadership**: This policy underscores the role of managers as leaders who are not just administrative heads but also caretakers of team dynamics and morale. Employees might perceive this as a sign that the organization trusts its leaders to handle sensitive situations, thereby boosting their own trust in those leaders.

3. **Consistency in Approach**: Having managers trained in conflict resolution ensures a more consistent approach to handling disputes across the organization. This consistency can make employees feel more secure about how conflicts are resolved, no matter the team they are on.

4. **Personalized Attention**: Conflicts handled by a manager, who understands the team's unique dynamics and the individuals involved, can be addressed in a more personalized and context-sensitive manner. This might be more appealing than a standardized approach by an advocacy program.

5. **Professional Development**: This policy shows an investment in the professional development of managers, equipping them with valuable skills that can improve team performance and cohesion. Employees might appreciate this emphasis on growth and development within the leadership ranks, which indirectly benefits them.

6. **Reduces Bureaucracy**: Turning to an advocacy program might be seen as more bureaucratic and possibly more time-consuming. Employees may prefer the more streamlined and direct approach of resolving issues through their immediate supervisor.

7. **Increased Comfort**: Employees might feel more comfortable discussing their concerns with a manager they work with daily and have built a rapport with, rather than an advocate who may be seen as external to their immediate work environment.

8. **Empowerment of Managers**: This policy empowers managers to take proactive steps in maintaining a healthy team environment. This empowerment can lead to more dynamic and effective leadership, which benefits the entire team and creates a more positive work environment.

In summary, employees might perceive the training of managers to handle conflicts as fostering a more direct, efficient, and personalized approach to addressing disputes, reflecting an organizational culture that values leadership development, trust, and a proactive stance toward maintaining harmony within teams."
21,21,"We have an anonymous suggestion box that allows employees to express their concerns, providing a confidential outlet for resolving issues.","Our organization encourages employees to participate in leadership development programs, enhancing their ability to interact with supervisors.",second,"Employees may prefer the second policy because it offers them opportunities for professional growth and advancement within the organization. Leadership development programs can help employees enhance their skills, knowledge, and confidence in interacting with supervisors and taking on leadership roles. This can lead to increased job satisfaction, career progression, and potential for higher pay or promotions. Additionally, participating in leadership development programs can help employees feel more valued and invested in by their organization, leading to higher employee engagement and retention.","Employees might prefer Policy 2 (encouraging participation in leadership development programs) over Policy 1 (anonymous suggestion box) for several reasons:

1. **Personal Growth and Development**: Leadership development programs offer employees an opportunity to grow personally and professionally. They can acquire new skills, improve their leadership abilities, and enhance their career prospects. This opportunity for development and upward mobility is often more appealing than simply having a medium (like an anonymous suggestion box) to voice concerns.

2. **Direct Engagement with Leadership**: These programs typically involve more direct interaction with supervisors and company leadership, allowing employees to build valuable relationships. This can lead to a better understanding and appreciation of the organizational structure and decision-making processes, creating a sense of inclusion and empowerment.

3. **Visibility and Recognition**: Participating in leadership development programs can increase an employee's visibility within the organization. This can lead to recognition of their efforts and potential, which is motivational and can lead to more opportunities within the company. Contrarily, using an anonymous suggestion box does not provide opportunities for individual recognition or direct feedback.

4. **Positive Outlook and Constructive Approach**: Leadership development programs focus on building skills and enhancing one’s ability to contribute positively to the organization. This proactive approach to problem-solving and leadership can be more appealing than the reactive nature of submitting concerns or complaints through an anonymous suggestion box. It fosters a culture of growth and improvement rather than complaint and criticism.

5. **Trust and Openness**: The preference for leadership development programs might indicate a level of trust in the organizational culture and leadership. Employees might feel that their voices are more likely to be heard and valued through constructive dialogue and engagement, rather than anonymously dropping concerns in a box, which might create a disconnect between employees and management.

6. **Sense of Agency and Empowerment**: Leadership development programs empower employees by giving them tools, knowledge, and platforms to influence and contribute to the organization positively. It enables them to take charge of their development and career trajectory, offering a sense of agency that an anonymous suggestion box might not provide.

In essence, the preference for leadership development programs highlights employees' desire for direct engagement, personal development, and constructive avenues to influence organizational dynamics, which they may perceive as more effective and rewarding than anonymous channels for airing grievances."
22,22,"We occasionally bring in an external ombudsman to mediate disputes, providing expertise.",Employee Support Groups: Peer-led groups offer support for those experiencing similar issues.,second,"1. Employee Support Groups provide a more informal and personal approach to resolving disputes and issues. Employees may feel more comfortable discussing their problems with their peers rather than with an external ombudsman who may not fully understand the internal dynamics of the organization.

2. Peer-led groups may offer more immediate and ongoing support compared to bringing in an external ombudsman on an occasional basis. Employees may prefer having a consistent and reliable support system in place for when they need it.

3. Employee Support Groups may foster a sense of community and camaraderie among employees, leading to improved morale and employee engagement. This can have a positive impact on overall workplace culture and employee satisfaction.

4. By having peer-led groups, employees may feel more empowered and in control of their own situations. They may feel like they have a voice and can actively participate in finding solutions to their problems.

5. Employee Support Groups may also be seen as more cost-effective for the organization compared to hiring an external ombudsman. This may be a factor in why employees prefer this policy.","Employees might prefer Policy 2 (Employee Support Groups) over Policy 1 (External Ombudsman) for several reasons, reflecting on the nature of the support, approachability, and the environment that each policy creates:

1. **Familiarity and Comfort:** Employee support groups are often seen as more approachable due to the presence of peers. Employees might feel more comfortable sharing their experiences and challenges with colleagues who have faced similar issues, believing that their peers can relate more directly to their situation.

2. **Immediate Accessibility:** Peer-led groups can provide immediate support and advice. These groups are typically more accessible on a day-to-day basis, allowing employees to seek help whenever they need it, without the formalities and potential delays involved in bringing in an external ombudsman.

3. **Informality and Flexibility:** The less formal structure of peer-led groups can be more appealing. These groups might operate in a more relaxed and flexible manner compared to the structured approach of an external mediation process, which can appear intimidating or overly formal to some employees.

4. **Empowerment and Agency:** Being part of a support group where employees can share and solve their issues collectively might empower individuals, giving them a sense of agency. This contrasts with the perception that involving an external ombudsman places the resolution of disputes out of the employees' hands, possibly making them feel less in control.

5. **Shared Understanding and Empathy:** Peer-led groups offer a level of empathy and understanding that might not be perceived in the same way with an external ombudsman. Peers sharing similar experiences can provide a sense of solidarity and understanding that may be harder to achieve with someone external, who, despite their expertise, might not fully grasp the nuances of the organizational culture or the specific challenges faced by the employees.

6. **Confidentiality and Trust:** Employees might perceive peer-led groups as more confidential environments where they can share sensitive information without fear. The trust built among colleagues can sometimes feel stronger than with an external party, regardless of their professionalism or impartiality.

7. **Community and Relationship Building:** Employee support groups help in fostering a community and strengthening relationships among colleagues. This can contribute to a more positive work environment and culture, where employees feel supported not just professionally but also on a personal level.

8. **Cost and Resource Efficiency:** While not a direct benefit to the employees, organizations might find peer-led groups to be a more cost-effective solution than frequently hiring external mediators. This indirect benefit can contribute to a more extensive support system being made available to employees.

In essence, the preference for peer-led support groups over an external ombudsman reflects a desire for more immediate, relatable, and empowering forms of support within the workplace."
23,23,We recommend employees start a support group to share and address workplace concerns.,Grievance Resolution Committee: A committee addresses formal grievances and ensures a fair resolution process.,second,"Employees may prefer Policy 2, the Grievance Resolution Committee, because it provides a more structured and formal process for addressing workplace concerns. This committee ensures that grievances are taken seriously and addressed in a fair and impartial manner. Employees may feel more confident in the outcome of their concerns knowing that there is a dedicated committee in place to handle them. Additionally, having a formal process in place may help to avoid misunderstandings or conflicts that could arise from employees trying to address grievances on their own or through a support group. Overall, Policy 2 may offer employees a greater sense of security and fairness in addressing workplace concerns.","The preference for Policy 2, the Grievance Resolution Committee, over the more informal support group approach of Policy 1 can be attributed to several reasons based on the inherent characteristics and expectations employees might have regarding issues resolution in the workplace. Some of these reasons include:

1. **Structured Resolution Process**: Policy 2 offers a formal and structured process for addressing grievances, which might be viewed by employees as more effective in ensuring their concerns are officially heard and acted upon. A formal committee often has defined procedures, timelines, and responsibilities, which can provide employees with a clear path to resolving their issues.

2. **Perception of Fairness and Neutrality**: A Grievance Resolution Committee is typically composed of members who are expected to be impartial and fair. This can increase employees' trust in the conflict resolution process, as they believe their grievances will be evaluated objectively, without biases that might exist in more informal settings.

3. **Confidentiality**: Formal grievance procedures often come with assurances of confidentiality, which can be crucial for employees who might fear retaliation or stigma for voicing their concerns. The formal structure of a committee can better guarantee that grievances will be handled discreetly, encouraging more employees to come forward with their issues.

4. **Accountability and Responsibility**: Policy 2 implies a level of accountability and responsibility on the part of the committee to address and resolve grievances. This can be reassuring to employees who might feel that an informal support group, while helpful for emotional support, lacks the authority or means to effectuate real change in the workplace.

5. **Legal and Policy Compliance**: For many employees, knowing that there is a mechanism in place that adheres to legal standards and complies with organizational policies for dispute resolution is important. A formal grievance resolution committee is often part of an organization's compliance with labor laws and regulations, providing an additional layer of security and legitimacy in the eyes of employees.

6. **Potential for Binding Resolutions**: Unlike informal groups, which mainly provide emotional support or advice, a formal grievance committee can often make decisions or offer resolutions that have binding authority within the organization. This can be critical for employees seeking actual changes or reparations for their grievances.

7. **Resource Availability**: A Grievance Resolution Committee may have more resources at its disposal, including access to legal advice, HR support, and mediation services, to effectively address and resolve issues. This professional support can be crucial in complex cases where expert guidance is necessary.

Overall, the preference for Policy 2 reflects employees' desire for a formal, structured, and authoritative approach to addressing workplace grievances, offering a clear and effective pathway towards resolving concerns while providing assurances of fairness, confidentiality, and compliance with legal and organizational standards."
